Produto;Embalagem;Tipo;Situacao;Materia-prima ATUAL;Office ATUAL;PJ ATUAL;Materia-prima NOVO;Office NOVO;PJ NOVO;Observacao
ACCELIK AS;Bombona 25;Bombona;no catalogo;1,486;7,50;7,66;;;;
ACCELIK AS;Bombona 6;Bombona;no catalogo;1,490;6,98;7,12;;;;
ACCELIK AS;Bombona 60;Bombona;no catalogo;1,486;7,18;7,33;;;;
ACCELIK AS;CNT 1250;CNT;no catalogo;1,486;6,89;7,05;;;;
ACCELIK AS;Tambor 250;Tambor;no catalogo;1,486;6,70;6,86;;;;
ACCELIK SF;Bombona 25;Bombona;no catalogo;2,746;10,94;11,10;;;;
ACCELIK SF;Bombona 60;Bombona;no catalogo;2,746;10,62;10,77;;;;
ACCELIK SF;CNT 1250;CNT;no catalogo;2,746;10,33;10,49;;;;
ACCELIK SF;Tambor 250;Tambor;no catalogo;2,746;10,14;10,29;;;;
ACCETIVE FC POWDER;Saco 20;Saco;no catalogo;3,084;10,24;10,40;;;;
ACEPESS FAST;Bombona 24;Bombona;no catalogo;2,746;10,94;11,10;;;;
ACEPESS FAST;Bombona 60;Bombona;no catalogo;2,746;10,62;10,77;;;;
ACEPESS FAST;CNT 1200;CNT;no catalogo;2,746;10,33;10,49;;;;
ACEPESS FAST;Tambor 240;Tambor;no catalogo;2,746;10,14;10,29;;;;
ACS 800;Bombona 20;Bombona;no catalogo;1,250;6,86;7,01;;;;
ACS 800;Bombona 50;Bombona;no catalogo;1,250;6,53;6,69;;;;
ACS 800;CNT 1000;CNT;no catalogo;1,250;6,25;6,40;;;;
ACS 800;Tambor 200;Tambor;no catalogo;1,250;6,06;6,21;;;;
ADIGROUT AR;Saco 25;Saco;no catalogo;0,989;4,52;4,68;;;;
ADIGROUT AR COMPLETE;Saco 25;Saco;no catalogo;0,684;3,69;3,85;;;;
ADIGROUT AR PLUS;Saco 25;Saco;no catalogo;1,350;3,95;4,20;;;;
ADIGROUT MC;Saco 25;Saco;no catalogo;1,780;6,68;6,84;;;;
ADIGROUT MIX;Saco 10;Saco;no catalogo;8,000;23,66;23,81;;;;
ADIGROUT MIX CONCRETE;Saco 10;Saco;no catalogo;8,400;24,75;24,90;;;;
ADIGROUT TIX;Saco 25;Saco;no catalogo;0,942;4,43;4,58;;;;
ADIGROUT UFR;Saco 25;Saco;no catalogo;1,987;7,25;7,40;;;;
ADIGROUT WHITE;Saco 25;Saco;no catalogo;2,514;8,69;8,84;;;;
AGRECON POWDER;Saco 8;Saco;no catalogo;50,000;138,27;138,42;;;;
ARGAPOL 592 IC Conjunto;Conjunto 35,4;Conjunto;no catalogo;0,950;6,46;6,61;;;;
ARGAPOL 992 Conjunto;Conjunto 6;Conjunto;no catalogo;2,750;11,37;11,53;;;;
ARGAPOL BC Conjunto;Conjunto 35;Conjunto;no catalogo;1,200;7,14;7,30;;;;
ARGAPOL MRI;Saco 20;Saco;no catalogo;1,200;5,10;5,25;;;;
ARGAPOL RE 642;Saco 25;Saco;no catalogo;1,198;5,13;5,28;;;;
CEPAS INJECT;Saco 20;Saco;no catalogo;2,500;8,65;8,80;;;;
CEPAS INJECT BC;Saco 20;Saco;no catalogo;3,500;11,38;11,53;;;;
CI 900;Bombona 20;Bombona;no catalogo;1,390;7,24;7,39;;;;
CI 900;Bombona 50;Bombona;no catalogo;1,390;6,92;7,07;;;;
CI 900;CNT 1000;CNT;no catalogo;1,390;6,63;6,79;;;;
CI 900;Tambor 200;Tambor;no catalogo;1,390;6,44;6,59;;;;
CURE CA;Bombona 20;Bombona;no catalogo;2,412;10,03;10,18;;;;
CURE CA;Bombona 50;Bombona;no catalogo;2,412;9,71;9,86;;;;
CURE CA;CNT 1000;CNT;no catalogo;2,412;9,42;9,58;;;;
CURE CA;Tambor 200;Tambor;no catalogo;2,412;9,23;9,38;;;;
DRAMOR POWDER;Saco 20;Saco;no catalogo;4,796;14,91;15,07;;;;
EDIMPER M;Bombona 20;Bombona;no catalogo;3,781;13,77;13,92;;;;
EDIMPER M;Bombona 50;Bombona;no catalogo;3,781;13,44;13,59;;;;
EDIMPER M;CNT 1000;CNT;no catalogo;3,781;13,16;13,31;;;;
EDIMPER M;Tambor 200;Tambor;no catalogo;3,781;12,97;13,12;;;;
EDIMPER PLUS;Bombona 25;Bombona;no catalogo;4,462;15,62;15,78;;;;
EDIMPER PLUS;Bombona 60;Bombona;no catalogo;4,462;15,30;15,45;;;;
EDIMPER PLUS;CNT 1250;CNT;no catalogo;4,462;15,01;15,17;;;;
EDIMPER PLUS;Tambor 250;Tambor;no catalogo;4,462;14,82;14,98;;;;
EXPANDER 2019;Saco 10;Saco;no catalogo;2,350;8,37;8,53;;;;
EXPANFLUID IC;Saco 10;Saco;no catalogo;5,022;15,66;15,82;;;;
FASTER;Bombona 24;Bombona;no catalogo;1,134;6,54;6,70;;;;
FASTER;Bombona 60;Bombona;no catalogo;1,134;6,22;6,37;;;;
FASTER;CNT 1200;CNT;no catalogo;1,134;5,93;6,09;;;;
FASTER;Tambor 240;Tambor;no catalogo;1,134;5,74;5,90;;;;
FLUXYGROUT HMR CONJUNTO;Conjunto 22;Conjunto;no catalogo;22,000;71,02;71,18;;;;
FLUXYGROUT SOFT CONJUNTO;Conjunto 28;Conjunto;no catalogo;17,000;57,38;57,53;;;;
HYDROFLEX RR;Bombona 20;Bombona;no catalogo;30,000;85,31;85,47;;;;
HYDROFLEX RR;Bombona 50;Bombona;no catalogo;30,000;84,99;85,14;;;;
HYDROFLEX RR;CNT 1000;CNT;no catalogo;30,000;84,70;84,86;;;;
HYDROFLEX RR;Tambor 200;Tambor;no catalogo;30,000;84,51;84,67;;;;
HYDROFLEX RS;Bombona 20;Bombona;no catalogo;4,032;14,45;14,61;;;;
HYDROFLEX RS;Bombona 50;Bombona;no catalogo;4,032;14,13;14,28;;;;
HYDROFLEX RS;CNT 1000;CNT;no catalogo;4,032;13,84;14,00;;;;
HYDROFLEX RS;Tambor 200;Tambor;no catalogo;4,032;13,65;13,80;;;;
HYDROFLEX S;Bombona 20;Bombona;no catalogo;19,799;57,48;57,63;;;;
HYDROFLEX S;Bombona 50;Bombona;no catalogo;19,799;57,15;57,31;;;;
HYDROFLEX S;CNT 1000;CNT;no catalogo;19,799;56,87;57,02;;;;
HYDROFLEX S;Tambor 200;Tambor;no catalogo;19,799;56,68;56,83;;;;
HYDROFLEX S A;Bombona 20;Bombona;no catalogo;0,850;5,77;5,92;;;;
HYDROFLEX S A;Bombona 50;Bombona;no catalogo;0,850;5,44;5,60;;;;
HYDROFLEX S A;CNT 1000;CNT;no catalogo;0,850;5,16;5,31;;;;
HYDROFLEX S A;Tambor 200;Tambor;no catalogo;0,850;4,97;5,12;;;;
HYDROFLEX SEL;Bombona 20;Bombona;no catalogo;6,151;20,23;20,39;;;;
HYDROFLEX SEL;Bombona 50;Bombona;no catalogo;6,151;19,91;20,06;;;;
HYDROFLEX V2;Bombona 20;Bombona;no catalogo;5,707;19,02;19,17;;;;
HYDROFLEX V2;Bombona 50;Bombona;no catalogo;5,707;18,70;18,85;;;;
INCORPOR BS PLUS;Bombona 20;Bombona;no catalogo;1,438;7,37;7,53;;;;
INCORPOR BS PLUS;Bombona 50;Bombona;no catalogo;1,438;7,05;7,20;;;;
INCORPOR BS PLUS;CNT 1000;CNT;no catalogo;1,438;6,76;6,92;;;;
INCORPOR BS PLUS;Tambor 200;Tambor;no catalogo;1,438;6,57;6,73;;;;
INCORPOR BS-D;Bombona 20;Bombona;no catalogo;0,727;5,43;5,59;;;;
INCORPOR BS-D;Bombona 50;Bombona;no catalogo;0,727;5,11;5,26;;;;
INCORPOR BS-D;CNT 1000;CNT;no catalogo;0,727;4,82;4,98;;;;
INCORPOR BS-D;Tambor 200;Tambor;no catalogo;0,727;4,63;4,79;;;;
KOLA;Bombona 20;Bombona;no catalogo;1,708;8,11;8,26;;;;
KOLA;Bombona 5;Bombona;no catalogo;2,020;8,31;8,45;;;;
KOLA;Bombona 50;Bombona;no catalogo;1,708;7,79;7,94;;;;
KOLA;CNT 1000;CNT;no catalogo;1,708;7,50;7,65;;;;
KOLA;Tambor 200;Tambor;no catalogo;1,708;7,31;7,46;;;;
KOLA PLUS TIX;Bombona 20;Bombona;no catalogo;6,965;22,46;22,61;;;;
KOLA PLUS TIX;Bombona 50;Bombona;no catalogo;6,965;22,13;22,28;;;;
KOLA PLUS TIX;CNT 1000;CNT;no catalogo;6,965;21,85;22,00;;;;
KOLA PLUS TIX;Tambor 200;Tambor;no catalogo;6,965;21,65;21,81;;;;
KOLA PVA;Bombona 20;Bombona;no catalogo;0,630;5,17;5,32;;;;
KOLA PVA;Bombona 50;Bombona;no catalogo;0,630;4,84;5,00;;;;
KOLA PVA;Tambor 200;Tambor;no catalogo;0,630;4,37;4,52;;;;
KOLA SBR;Bombona 20;Bombona;no catalogo;3,513;13,04;13,19;;;;
KOLA SBR;Bombona 50;Bombona;no catalogo;3,513;12,71;12,86;;;;
KOLA SBR;CNT 1000;CNT;no catalogo;3,513;12,43;12,58;;;;
KOLA SBR;Tambor 200;Tambor;no catalogo;3,513;12,23;12,39;;;;
KOLA SUPER;Bombona 20;Bombona;no catalogo;6,965;22,46;22,61;;;;
KOLA SUPER;Bombona 50;Bombona;no catalogo;6,965;22,13;22,28;;;;
KOLA SUPER;CNT 1000;CNT;no catalogo;6,965;21,85;22,00;;;;
KOLA SUPER;Tambor 200;Tambor;no catalogo;6,965;21,65;21,81;;;;
LIKTIVE ACEP UF;Bombona 25;Bombona;no catalogo;2,454;10,91;10,30;;;;
LIKTIVE ACEP UF;Bombona 60;Bombona;no catalogo;2,454;9,82;9,97;;;;
LIKTIVE ACEP UF;Tambor 250;Tambor;no catalogo;2,454;9,34;9,50;;;;
MINERAL REPAIR 132 Conjunto;Conjunto 40;Conjunto;no catalogo;2,035;8,00;8,80;;;;
MINERAL REPAIR 333 Conjunto;Conjunto 40;Conjunto;no catalogo;2,014;8,40;9,24;;;;
MINERAL REPAIR 499 Conjunto;Conjunto 40;Conjunto;no catalogo;2,690;8,00;8,80;;;;
PLASTICIZER BINDER;Bombona 20;Bombona;no catalogo;1,701;8,09;8,24;;;;
PLASTICIZER BINDER;Bombona 50;Bombona;no catalogo;1,701;7,76;7,92;;;;
PLASTICIZER BINDER;CNT 1000;CNT;no catalogo;1,701;7,48;7,63;;;;
PLASTICIZER BINDER;Tambor 200;Tambor;no catalogo;1,701;7,29;7,44;;;;
PLASTICIZER CW;Bombona 20;Bombona;no catalogo;4,334;15,27;15,43;;;;
PLASTICIZER CW;Bombona 50;Bombona;no catalogo;4,334;14,95;15,10;;;;
PLASTICIZER CW;CNT 1000;CNT;no catalogo;4,334;14,66;14,82;;;;
PLASTICIZER CW;Tambor 200;Tambor;no catalogo;4,334;14,47;14,63;;;;
PLASTICIZER HC;Bombona 20;Bombona;no catalogo;3,386;12,69;12,84;;;;
PLASTICIZER HC;Bombona 50;Bombona;no catalogo;3,386;12,36;12,52;;;;
PLASTICIZER HC;CNT 1000;CNT;no catalogo;3,386;12,08;12,23;;;;
PLASTICIZER HC;Tambor 200;Tambor;no catalogo;3,386;12,23;12,38;;;;
PLASTICIZER PREMIUM;Bombona 20;Bombona;no catalogo;1,843;8,48;8,63;;;;
PLASTICIZER PREMIUM;Bombona 50;Bombona;no catalogo;1,843;8,15;8,31;;;;
PLASTICIZER PREMIUM;CNT 1000;CNT;no catalogo;1,843;7,87;8,02;;;;
PLASTICIZER PREMIUM;Tambor 200;Tambor;no catalogo;1,843;7,68;7,83;;;;
PLASTICIZER SAD;Bombona 20;Bombona;no catalogo;1,810;8,39;8,54;;;;
PLASTICIZER SAD;Bombona 50;Bombona;no catalogo;1,810;8,06;8,22;;;;
PLASTICIZER SAD;CNT 1000;CNT;no catalogo;1,810;7,78;7,93;;;;
PLASTICIZER SAD;Tambor 200;Tambor;no catalogo;1,810;7,59;7,74;;;;
PLASTICIZER SAD 20;Bombona 20;Bombona;no catalogo;1,270;6,91;7,07;;;;
PLASTICIZER SAD 20;Bombona 50;Bombona;no catalogo;1,270;6,59;6,74;;;;
PLASTICIZER SAD 20;CNT 1000;CNT;no catalogo;1,270;6,30;6,46;;;;
PLASTICIZER SAD 20;Tambor 200;Tambor;no catalogo;1,270;6,11;6,27;;;;
POLYPLAST 146;Bombona 24;Bombona;no catalogo;3,543;13,12;13,27;;;;
POLYPLAST 146;Bombona 60;Bombona;no catalogo;3,543;12,79;12,94;;;;
POLYPLAST 146;CNT 1200;CNT;no catalogo;3,543;12,51;12,66;;;;
POLYPLAST 146;Tambor 240;Tambor;no catalogo;3,543;12,32;12,47;;;;
POLYPLAST 151;Bombona 24;Bombona;no catalogo;3,576;13,21;13,36;;;;
POLYPLAST 151;Bombona 60;Bombona;no catalogo;3,576;12,88;13,03;;;;
POLYPLAST 151;CNT 1200;CNT;no catalogo;3,576;12,60;12,75;;;;
POLYPLAST 151;Tambor 240;Tambor;no catalogo;3,576;12,41;12,56;;;;
POLYPLAST 167;Bombona 24;Bombona;no catalogo;2,745;10,94;11,09;;;;
POLYPLAST 167;Bombona 60;Bombona;no catalogo;2,745;10,61;10,77;;;;
POLYPLAST 167;CNT 1200;CNT;no catalogo;2,745;10,33;10,48;;;;
POLYPLAST 167;Tambor 240;Tambor;no catalogo;2,745;10,14;10,29;;;;
POLYPLAST 170 D;Bombona 24;Bombona;no catalogo;2,400;10,00;10,15;;;;
POLYPLAST 170 D;Bombona 60;Bombona;no catalogo;2,400;9,67;9,82;;;;
POLYPLAST 170 D;CNT 1200;CNT;no catalogo;2,400;9,39;9,54;;;;
POLYPLAST 170 D;Tambor 240;Tambor;no catalogo;2,400;9,20;9,35;;;;
POLYPLAST 170 PLUS;Bombona 24;Bombona;no catalogo;2,550;10,41;10,56;;;;
POLYPLAST 170 PLUS;Bombona 60;Bombona;no catalogo;2,550;10,08;10,24;;;;
POLYPLAST 170 PLUS;CNT 1200;CNT;no catalogo;2,550;9,80;9,95;;;;
POLYPLAST 170 PLUS;Tambor 240;Tambor;no catalogo;2,550;9,61;9,76;;;;
POLYPLAST 4300;Bombona 24;Bombona;no catalogo;3,589;13,24;13,40;;;;
POLYPLAST 4300;Bombona 60;Bombona;no catalogo;3,589;12,92;13,07;;;;
POLYPLAST 4300;CNT 1200;CNT;no catalogo;3,589;12,63;12,79;;;;
POLYPLAST 4300;Tambor 240;Tambor;no catalogo;3,589;12,44;12,59;;;;
POLYSEL CONJUNTO;Conjunto 5;Conjunto;no catalogo;85,000;241,64;241,79;;;;
Prime JD Conjunto;Conjunto 1;Conjunto;no catalogo;100,353;267,57;267,71;;;;
RELEASE WAX;Balde 18;Balde;no catalogo;7,812;25,44;25,59;;;;
RELENT;Bombona 20;Bombona;no catalogo;6,400;20,91;21,07;;;;
RELENT;Bombona 50;Bombona;no catalogo;6,400;20,59;20,74;;;;
RELENT;CNT 1000;CNT;no catalogo;6,400;20,30;20,46;;;;
RELENT;Tambor 200;Tambor;no catalogo;6,400;20,11;20,27;;;;
RELENT AD;Bombona 20;Bombona;no catalogo;14,870;44,03;44,18;;;;
RELENT AD;Bombona 50;Bombona;no catalogo;23,060;66,05;66,20;;;;
RELENT AD;CNT 1000;CNT;no catalogo;23,060;65,77;65,92;;;;
RELENT AD;Tambor 200;Tambor;no catalogo;14,870;43,23;43,38;;;;
RELENT BASE;Tambor 200;Tambor;no catalogo;17,000;48,84;48,99;;;;
RELENT BIO-VO;Bombona 20;Bombona;no catalogo;7,535;24,01;24,16;;;;
RELENT BIO-VO;Bombona 50;Bombona;no catalogo;7,535;23,69;23,84;;;;
RELENT BIO-VO;CNT 1000;CNT;no catalogo;7,535;23,40;23,56;;;;
RELENT BIO-VO;Tambor 200;Tambor;no catalogo;7,535;23,21;23,36;;;;
RELENT CONCENTRATE;Bombona 20;Bombona;no catalogo;18,000;52,57;52,72;;;;
RELENT CONCENTRATE;Bombona 50;Bombona;no catalogo;18,000;52,24;52,40;;;;
RELENT CONCENTRATE;CNT 1000;CNT;no catalogo;18,000;51,96;52,11;;;;
RELENT CONCENTRATE;Tambor 200;Tambor;no catalogo;18,000;51,77;51,92;;;;
RELENT RTU;Bombona 20;Bombona;no catalogo;1,011;6,21;6,36;;;;
RELENT RTU;Bombona 50;Bombona;no catalogo;1,011;5,88;6,04;;;;
RELENT RTU;CNT 1000;CNT;no catalogo;1,011;5,60;5,75;;;;
RELENT RTU;Tambor 200;Tambor;no catalogo;1,011;5,41;5,56;;;;
RELENT S;Bombona 20;Bombona;no catalogo;2,202;9,46;9,61;;;;
RELENT S;Bombona 50;Bombona;no catalogo;2,202;9,13;9,28;;;;
RELENT S;Tambor 200;Tambor;no catalogo;2,202;8,46;8,61;;;;
RELENT SMO;Bombona 20;Bombona;no catalogo;6,378;20,85;21,01;;;;
RELENT SMO;Bombona 50;Bombona;no catalogo;6,378;20,53;20,68;;;;
RELENT SMO;Tambor 200;Tambor;no catalogo;6,378;20,05;20,21;;;;
RELENT SUPER;Bombona 20;Bombona;no catalogo;10,842;33,03;33,19;;;;
RELENT SUPER;Bombona 50;Bombona;no catalogo;10,842;32,71;32,86;;;;
RELENT SUPER;Tambor 200;Tambor;no catalogo;10,842;32,23;32,39;;;;
RELENT W;Bombona 20;Bombona;no catalogo;6,401;20,92;21,07;;;;
RELENT W;Bombona 50;Bombona;no catalogo;6,401;20,59;20,75;;;;
RELENT W;Tambor 200;Tambor;no catalogo;6,401;20,12;20,27;;;;
RETARPEG S;Bombona 24;Bombona;no catalogo;4,741;16,38;16,54;;;;
RETARPEG S;Bombona 60;Bombona;no catalogo;4,741;16,06;16,21;;;;
RETARPEG S;Tambor 240;Tambor;no catalogo;4,741;15,58;15,74;;;;
RETARTIVE WR 2010;Bombona 24;Bombona;no catalogo;2,744;10,93;11,09;;;;
RETARTIVE WR 2010;Bombona 60;Bombona;no catalogo;2,744;10,61;10,76;;;;
RETARTIVE WR 2010;CNT 1200;CNT;no catalogo;2,744;10,33;10,48;;;;
RETARTIVE WR 2010;Tambor 240;Tambor;no catalogo;2,744;10,13;10,29;;;;
RETARTIVE WR 2048;Bombona 22;Bombona;no catalogo;2,873;11,29;11,44;;;;
RETARTIVE WR 2048;Bombona 55;Bombona;no catalogo;2,873;10,96;11,12;;;;
RETARTIVE WR 2048;CNT 1100;CNT;no catalogo;2,873;10,68;10,83;;;;
RETARTIVE WR 2048;Tambor 220;Tambor;no catalogo;2,873;10,49;10,64;;;;
RUST CONVERTER;Bombona 25;Bombona;no catalogo;8,655;27,07;27,22;;;;
RUST CONVERTER;Bombona 60;Bombona;no catalogo;8,655;26,74;26,89;;;;
STRUCTURAL AD CONJUNTO;Conjunto 1;Conjunto;no catalogo;17,070;56,16;56,31;;;;
STRUCTURAL TF CONJUNTO;Conjunto 1;Conjunto;no catalogo;43,492;128,26;128,42;;;;
SUFLEX GREY RA;Balde 18;Balde;no catalogo;7,018;22,54;22,70;;;;
SUFLEXIBLE RA;Balde 18;Balde;no catalogo;7,018;22,54;22,70;;;;
SUPERFLUID AC;Bombona 24;Bombona;no catalogo;3,802;13,82;13,98;;;;
SUPERFLUID AC;Bombona 60;Bombona;no catalogo;3,802;13,50;13,65;;;;
SUPERFLUID AC;CNT 1200;CNT;no catalogo;3,802;13,21;13,37;;;;
SUPERFLUID AC;Tambor 240;Tambor;no catalogo;3,802;13,02;13,18;;;;
SUPROFLEX CONJUNTO;Conjunto 20;Conjunto;no catalogo;1,071;7,36;7,51;;;;
WHITE MINERAL REPAIR CONJUNTO;Conjunto 40;Conjunto;no catalogo;5,500;18,59;18,74;;;;
WP ARCON;Bombona 20;Bombona;no catalogo;0,493;4,79;4,95;;;;
WP ARCON;Bombona 50;Bombona;no catalogo;0,493;4,47;4,62;;;;
WP ARCON;Tambor 200;Tambor;no catalogo;0,493;3,99;4,15;;;;
WP ARPOMON;Saco 20;Saco;no catalogo;1,320;5,43;5,58;;;;
WP CRYSTAL;Saco 20;Saco;no catalogo;3,053;10,16;10,31;;;;
WP FLEXIBLE;Bombona 18;Bombona;no catalogo;6,457;21,07;21,22;;;;
WP FLEXIBLE;Bombona 42;Bombona;no catalogo;6,457;20,74;20,90;;;;
WP FLEXIBLE;Tambor 180;Tambor;no catalogo;6,457;20,27;20,42;;;;
WP HYDRACEM UF;Saco 20;Saco;no catalogo;4,298;13,55;13,71;;;;
WP TILE PRO;Bombona 20;Bombona;no catalogo;2,026;8,98;9,13;;;;
WP TILE PRO;Bombona 50;Bombona;no catalogo;2,026;8,65;8,81;;;;
WP TILE PRO;Tambor 200;Tambor;no catalogo;2,026;8,18;8,33;;;;
ADIGROUT MIX CRYSTAL;Saco 10;Saco;A CADASTRAR;;;;9,000;26,39;26,54;valor da Tabela 2026 — confirme antes de cadastrar
CONCREMOVER SUPER;Bombona 50;Bombona;A CADASTRAR;;;;1,761;7,93;8,08;valor da Tabela 2026 — confirme antes de cadastrar
MINERAL REPAIR 132 Comp.A;Saco 20;Saco;A CADASTRAR;;;;2,362;8,87;9,02;valor da Tabela 2026 — confirme antes de cadastrar
MINERAL REPAIR 132 Comp.B;Balde 20;Balde;A CADASTRAR;;;;1,708;8,63;8,79;valor da Tabela 2026 — confirme antes de cadastrar
MINERAL REPAIR 333 Comp.A;Saco 20;Saco;A CADASTRAR;;;;2,319;8,74;8,90;valor da Tabela 2026 — confirme antes de cadastrar
MINERAL REPAIR 333 Comp.B;Balde 20;Balde;A CADASTRAR;;;;1,708;8,63;8,79;valor da Tabela 2026 — confirme antes de cadastrar
MINERAL REPAIR 499 Comp.A;Saco 20;Saco;A CADASTRAR;;;;3,672;12,77;12,92;valor da Tabela 2026 — confirme antes de cadastrar
MINERAL REPAIR 499 Comp.B;Balde 20;Balde;A CADASTRAR;;;;1,708;8,63;8,79;valor da Tabela 2026 — confirme antes de cadastrar
MORFLOOR HR;Saco 25;Saco;A CADASTRAR;;;;0,889;4,39;4,54;valor da Tabela 2026 — confirme antes de cadastrar
PRIME JD CONJUNTO 1KG;Conjunto 1;Conjunto;A CADASTRAR;;;;54,368;162,67;162,82;valor da Tabela 2026 — confirme antes de cadastrar
PRIME JD CONJUNTO 5KG;Conjunto 6;Conjunto;A CADASTRAR;;;;54,368;172,26;172,41;valor da Tabela 2026 — confirme antes de cadastrar
SUFLEX GREY RA;Balde 3.6;Balde;A CADASTRAR;;;;7,018;23,12;23,27;valor da Tabela 2026 — confirme antes de cadastrar
SUFLEX GREY RA;Balde 5;Balde;A CADASTRAR;;;;8,094;27,04;27,20;valor da Tabela 2026 — confirme antes de cadastrar
SUFLEXIBLE RA;Balde 5;Balde;A CADASTRAR;;;;7,018;24,11;24,26;valor da Tabela 2026 — confirme antes de cadastrar
VERTICAL CURE;Bombona 20;Bombona;A CADASTRAR;;;;2,430;10,08;10,23;valor da Tabela 2026 — confirme antes de cadastrar
VERTICAL CURE;Bombona 50;Bombona;A CADASTRAR;;;;2,430;9,75;9,91;valor da Tabela 2026 — confirme antes de cadastrar
VERTICAL CURE;Tambor 200;Tambor;A CADASTRAR;;;;2,430;9,28;9,43;valor da Tabela 2026 — confirme antes de cadastrar
WHITE MINERAL REPAIR COMP.A;Saco 20;Saco;A CADASTRAR;;;;3,672;12,77;12,92;valor da Tabela 2026 — confirme antes de cadastrar
WHITE MINERAL REPAIR COMP.B;Bombona 20;Bombona;A CADASTRAR;;;;1,708;8,69;8,85;valor da Tabela 2026 — confirme antes de cadastrar
